-- MODELO_EJECUCION
INSERT INTO test.modelo_ejecucion (id, activo) VALUES (1, true);
INSERT INTO test.modelo_ejecucion (id, activo) VALUES (2, true);

-- MODELO_EJECUCION_NOMBRE
INSERT INTO test.modelo_ejecucion_nombre (modelo_ejecucion_id, lang, value_) VALUES (1, 'es', 'nombre-1');
INSERT INTO test.modelo_ejecucion_nombre (modelo_ejecucion_id, lang, value_) VALUES (2, 'es', 'nombre-2');

-- MODELO_EJECUCION_DESCRIPCION
INSERT INTO test.modelo_ejecucion_descripcion (modelo_ejecucion_id, lang, value_) VALUES (1, 'es', 'descripcion-1');
INSERT INTO test.modelo_ejecucion_descripcion (modelo_ejecucion_id, lang, value_) VALUES (2, 'es', 'descripcion-2');

-- MODELO UNIDAD
INSERT INTO test.modelo_unidad (id, unidad_gestion_ref, modelo_ejecucion_id, activo) VALUES (1, 'unidad-001', 1, true);
INSERT INTO test.modelo_unidad (id, unidad_gestion_ref, modelo_ejecucion_id, activo) VALUES (2, 'unidad-002', 2, true);

-- TIPO_FINALIDAD
INSERT INTO test.tipo_finalidad (id, activo) VALUES (1, true);
INSERT INTO test.tipo_finalidad (id, activo) VALUES (2, true);

-- TIPO_FINALIDAD_NOMBRE
INSERT INTO test.tipo_finalidad_nombre (tipo_finalidad_id, lang, value_) VALUES(1, 'es', 'nombre-1');
INSERT INTO test.tipo_finalidad_nombre (tipo_finalidad_id, lang, value_) VALUES(2, 'es', 'nombre-2');

-- TIPO_FINALIDAD_DESCRIPCION
INSERT INTO test.tipo_finalidad_descripcion (tipo_finalidad_id, lang, value_) VALUES(1, 'es', 'descripcion-1');
INSERT INTO test.tipo_finalidad_descripcion (tipo_finalidad_id, lang, value_) VALUES(2, 'es', 'descripcion-2');

-- MODELO TIPO FINALIDAD
INSERT INTO test.modelo_tipo_finalidad (id, modelo_ejecucion_id, tipo_finalidad_id, activo) VALUES (1, 1, 1, true);
INSERT INTO test.modelo_tipo_finalidad (id, modelo_ejecucion_id, tipo_finalidad_id, activo) VALUES (2, 2, 2, true);

-- TIPO_REGIMEN_CONCURRENCIA
INSERT INTO test.tipo_regimen_concurrencia (id,activo) VALUES (1,true);
INSERT INTO test.tipo_regimen_concurrencia (id,activo) VALUES (2,true);

-- TIPO_REGIMEN_CONCURRENCIA_NOMBRE
INSERT INTO test.tipo_regimen_concurrencia_nombre (tipo_regimen_concurrencia_id, lang, value_) VALUES(1, 'es', 'nombre-1');
INSERT INTO test.tipo_regimen_concurrencia_nombre (tipo_regimen_concurrencia_id, lang, value_) VALUES(2, 'es', 'nombre-2');

-- TIPO AMBITO GEOGRAFICO
INSERT INTO test.tipo_ambito_geografico (id, activo) VALUES (1, true);
INSERT INTO test.tipo_ambito_geografico (id, activo) VALUES (2, true);

INSERT INTO test.tipo_ambito_geografico_nombre (tipo_ambito_geografico_id, lang, value_) VALUES(1, 'es', 'nombre-001');
INSERT INTO test.tipo_ambito_geografico_nombre (tipo_ambito_geografico_id, lang, value_) VALUES(2, 'es', 'nombre-002');

-- CONVOCATORIA
INSERT INTO test.convocatoria (id, unidad_gestion_ref, modelo_ejecucion_id, codigo, fecha_publicacion, fecha_provisional, fecha_concesion, tipo_finalidad_id, tipo_regimen_concurrencia_id, estado, duracion, tipo_ambito_geografico_id, clasificacion_cvn, activo)
VALUES (1, 'unidad-001', 1, 'codigo-001', '2021-10-15T23:59:59Z', '2021-10-16T23:59:59Z', '2021-10-17T23:59:59Z', 1, 1, 'REGISTRADA', 12, 1, 'AYUDAS', true);
INSERT INTO test.convocatoria (id, unidad_gestion_ref, modelo_ejecucion_id, codigo, fecha_publicacion, fecha_provisional, fecha_concesion, tipo_finalidad_id, tipo_regimen_concurrencia_id, estado, duracion, tipo_ambito_geografico_id, clasificacion_cvn, activo)
VALUES (2, 'unidad-002', 1, 'codigo-002', '2021-10-15T23:59:59Z', '2021-10-16T23:59:59Z', '2021-10-17T23:59:59Z', 1, 1, 'BORRADOR', 12, 1, 'COMPETITIVOS', true);

-- CONVOCATORIA TITUTLO
INSERT INTO test.convocatoria_titulo (convocatoria_id, lang, value_) VALUES (1, 'es', 'titulo-001');
INSERT INTO test.convocatoria_titulo (convocatoria_id, lang, value_) VALUES (2, 'es', 'titulo-002');

-- CONVOCATORIA_OBJETO
INSERT INTO test.convocatoria_objeto (convocatoria_id, lang, value_) VALUES (1, 'es', 'objeto-001');
INSERT INTO test.convocatoria_objeto (convocatoria_id, lang, value_) VALUES (2, 'es', 'objeto-002');

-- CONVOCATORIA_OBSERVACIONES
INSERT INTO test.convocatoria_observaciones (convocatoria_id, lang, value_) VALUES (1, 'es', 'observaciones-001');
INSERT INTO test.convocatoria_observaciones (convocatoria_id, lang, value_) VALUES (2, 'es', 'observaciones-002');

-- TIPO ORIGEN FUENTE FINANCIACION
INSERT INTO test.tipo_origen_fuente_financiacion (id, activo) VALUES (1, true);

-- TIPO ORIGEN FUENTE FINANCIACION NOMBRE
INSERT INTO test.tipo_origen_fuente_financiacion_nombre (tipo_origen_fuente_financiacion_id, lang, value_) VALUES(1, 'es', 'nombre-001');

-- FUENTE FINANCIACION
INSERT INTO test.fuente_financiacion (id, fondo_estructural, tipo_ambito_geografico_id, tipo_origen_fuente_financiacion_id, activo) 
  VALUES (1, true, 1, 1, true);

-- FUENTE FINANCIACION NOMBRE
INSERT INTO test.fuente_financiacion_nombre (fuente_financiacion_id, lang, value_) VALUES(1, 'es', 'nombre-001');

-- FUENTE FINANCIACION DESCRIPCION
INSERT INTO test.fuente_financiacion_descripcion (fuente_financiacion_id, lang, value_) VALUES(1, 'es', 'descripcion-001');

-- TIPO FINANCIACION
INSERT INTO test.tipo_financiacion (id, activo) VALUES (1, true);
-- TIPO FINANCIACION NOMBRE
INSERT INTO test.tipo_financiacion_nombre (tipo_financiacion_id, lang, value_) VALUES(1, 'es', 'nombre-001');

-- TIPO FINANCIACION DESCRIPCION
INSERT INTO test.tipo_financiacion_descripcion (tipo_financiacion_id, lang, value_) VALUES(1, 'es', 'descripcion-001');

-- CONVOCATORIA ENTIDAD FINANCIADORA
INSERT INTO test.convocatoria_entidad_financiadora (id, convocatoria_id, entidad_ref, fuente_financiacion_id, tipo_financiacion_id, porcentaje_financiacion, importe_financiacion) 
  VALUES (1, 1, 'entidad-001', 1, 1, 20, 1000);
INSERT INTO test.convocatoria_entidad_financiadora (id, convocatoria_id, entidad_ref, fuente_financiacion_id, tipo_financiacion_id, porcentaje_financiacion, importe_financiacion) 
  VALUES (2, 1, 'entidad-002', null, null, 30, 2000);