-- TIPO DOCUMENTO
INSERT INTO test.tipo_documento (id, nombre, descripcion, activo) VALUES (1, 'nombre-001', 'descripcion-001', true);
INSERT INTO test.tipo_documento (id, nombre, descripcion, activo) VALUES (2, 'nombre-002', 'descripcion-002', true);

-- TIPO FASE
INSERT INTO test.tipo_fase (id, activo) VALUES (1, true);
INSERT INTO test.tipo_fase (id, activo) VALUES (2, true);

-- TIPO_FASE_NOMBRE
INSERT INTO test.tipo_fase_nombre (tipo_fase_id, lang, value_) VALUES (1, 'es', 'nombre-001');
INSERT INTO test.tipo_fase_nombre (tipo_fase_id, lang, value_) VALUES (2, 'es', 'nombre-002');

-- TIPO_FASE_DESCRIPCION
INSERT INTO test.tipo_fase_descripcion (tipo_fase_id, lang, value_) VALUES (1, 'es', 'descripcion-001');
INSERT INTO test.tipo_fase_descripcion (tipo_fase_id, lang, value_) VALUES (2, 'es', 'descripcion-002');

-- MODELO EJECUCION
INSERT INTO test.modelo_ejecucion (id, nombre, descripcion, activo) VALUES (1, 'nombre-001', 'descripcion-001', true);

-- MODELO TIPO FASE
INSERT INTO test.modelo_tipo_fase (id, tipo_fase_id, modelo_ejecucion_id, solicitud, convocatoria, proyecto, activo) VALUES (1, 1, 1, true, true, true, true);
INSERT INTO test.modelo_tipo_fase (id, tipo_fase_id, modelo_ejecucion_id, solicitud, convocatoria, proyecto, activo) VALUES (2, 2, 1, true, true, true, true);

-- MODELO TIPO DOCUMENTO
INSERT INTO test.modelo_tipo_documento (id, tipo_documento_id, modelo_ejecucion_id, modelo_tipo_fase_id, activo) VALUES (1, 1, 1, 1, true);
INSERT INTO test.modelo_tipo_documento (id, tipo_documento_id, modelo_ejecucion_id, modelo_tipo_fase_id, activo) VALUES (2, 2, 1, 2, true);
