-- ROL PROYECTO
INSERT INTO test.rol_proyecto (id, rol_principal, orden, equipo, activo) VALUES(1, false, null, 'INVESTIGACION', true);
INSERT INTO test.rol_proyecto (id, rol_principal, orden, equipo, activo) VALUES(2, false, null, 'INVESTIGACION', true);
INSERT INTO test.rol_proyecto (id, rol_principal, orden, equipo, activo) VALUES(3, false, null, 'INVESTIGACION', true);
INSERT INTO test.rol_proyecto (id, rol_principal, orden, equipo, activo) VALUES(4, false, null, 'INVESTIGACION', true);
INSERT INTO test.rol_proyecto (id, rol_principal, orden, equipo, activo) VALUES(5, false, null, 'INVESTIGACION', true);
INSERT INTO test.rol_proyecto (id, rol_principal, orden, equipo, activo) VALUES(6, false, null, 'INVESTIGACION', true);
INSERT INTO test.rol_proyecto (id, rol_principal, orden, equipo, activo) VALUES(7, false, null, 'INVESTIGACION', false);
INSERT INTO test.rol_proyecto (id, rol_principal, orden, equipo, activo) VALUES(8, false, null, 'INVESTIGACION', false);

--ROL PROYECTO NOMBRE
INSERT INTO test.rol_proyecto_nombre(rol_proyecto_id, lang, value_) VALUES(1, 'es', 'nombre-001');
INSERT INTO test.rol_proyecto_nombre(rol_proyecto_id, lang, value_) VALUES(2, 'es', 'nombre-002');
INSERT INTO test.rol_proyecto_nombre(rol_proyecto_id, lang, value_) VALUES(3, 'es', 'nombre-003');
INSERT INTO test.rol_proyecto_nombre(rol_proyecto_id, lang, value_) VALUES(4, 'es', 'nombre-004');
INSERT INTO test.rol_proyecto_nombre(rol_proyecto_id, lang, value_) VALUES(5, 'es', 'nombre-005');
INSERT INTO test.rol_proyecto_nombre(rol_proyecto_id, lang, value_) VALUES(6, 'es', 'nombre-006');
INSERT INTO test.rol_proyecto_nombre(rol_proyecto_id, lang, value_) VALUES(7, 'es', 'nombre-007');
INSERT INTO test.rol_proyecto_nombre(rol_proyecto_id, lang, value_) VALUES(8, 'es', 'nombre-008');

--ROL PROYECTO DESCRIPCION
INSERT INTO test.rol_proyecto_descripcion(rol_proyecto_id, lang, value_) VALUES(1, 'es', 'descripcion-001');
INSERT INTO test.rol_proyecto_descripcion(rol_proyecto_id, lang, value_) VALUES(2, 'es', 'descripcion-002');
INSERT INTO test.rol_proyecto_descripcion(rol_proyecto_id, lang, value_) VALUES(3, 'es', 'descripcion-003');
INSERT INTO test.rol_proyecto_descripcion(rol_proyecto_id, lang, value_) VALUES(4, 'es', 'descripcion-4');
INSERT INTO test.rol_proyecto_descripcion(rol_proyecto_id, lang, value_) VALUES(5, 'es', 'descripcion-5');
INSERT INTO test.rol_proyecto_descripcion(rol_proyecto_id, lang, value_) VALUES(6, 'es', 'descripcion-6');
INSERT INTO test.rol_proyecto_descripcion(rol_proyecto_id, lang, value_) VALUES(7, 'es', 'descripcion-007');
INSERT INTO test.rol_proyecto_descripcion(rol_proyecto_id, lang, value_) VALUES(8, 'es', 'descripcion-008');

--ROL PROYECTO ABREVIATURA
INSERT INTO test.rol_proyecto_abreviatura(rol_proyecto_id, lang, value_) VALUES(1, 'es', '001');
INSERT INTO test.rol_proyecto_abreviatura(rol_proyecto_id, lang, value_) VALUES(2, 'es', '002');
INSERT INTO test.rol_proyecto_abreviatura(rol_proyecto_id, lang, value_) VALUES(3, 'es', '003');
INSERT INTO test.rol_proyecto_abreviatura(rol_proyecto_id, lang, value_) VALUES(4, 'es', '004');
INSERT INTO test.rol_proyecto_abreviatura(rol_proyecto_id, lang, value_) VALUES(5, 'es', '005');
INSERT INTO test.rol_proyecto_abreviatura(rol_proyecto_id, lang, value_) VALUES(6, 'es', '006');
INSERT INTO test.rol_proyecto_abreviatura(rol_proyecto_id, lang, value_) VALUES(7, 'es', '007');
INSERT INTO test.rol_proyecto_abreviatura(rol_proyecto_id, lang, value_) VALUES(8, 'es', '008');