-- ROL SOCIO
INSERT INTO test.rol_socio (id, coordinador, activo) VALUES(1, false, true);
INSERT INTO test.rol_socio (id, coordinador, activo) VALUES(2, false, true);
INSERT INTO test.rol_socio (id, coordinador, activo) VALUES(3, false, true);
INSERT INTO test.rol_socio (id, coordinador, activo) VALUES(4, false, true);
INSERT INTO test.rol_socio (id, coordinador, activo) VALUES(5, false, true);
INSERT INTO test.rol_socio (id, coordinador, activo) VALUES(6, false, true);
INSERT INTO test.rol_socio (id, coordinador, activo) VALUES(7, false, false);
INSERT INTO test.rol_socio (id, coordinador, activo) VALUES(8, false, false);

-- ROL SOCIO NOMBRE
INSERT INTO test.rol_socio_nombre (rol_socio_id, lang, value_) VALUES(1, 'es', 'nombre-001');
INSERT INTO test.rol_socio_nombre (rol_socio_id, lang, value_) VALUES(2, 'es', 'nombre-002');
INSERT INTO test.rol_socio_nombre (rol_socio_id, lang, value_) VALUES(3, 'es', 'nombre-003');
INSERT INTO test.rol_socio_nombre (rol_socio_id, lang, value_) VALUES(4, 'es', 'nombre-004');
INSERT INTO test.rol_socio_nombre (rol_socio_id, lang, value_) VALUES(5, 'es', 'nombre-005');
INSERT INTO test.rol_socio_nombre (rol_socio_id, lang, value_) VALUES(6, 'es', 'nombre-006');
INSERT INTO test.rol_socio_nombre (rol_socio_id, lang, value_) VALUES(7, 'es', 'nombre-007');
INSERT INTO test.rol_socio_nombre (rol_socio_id, lang, value_) VALUES(8, 'es', 'nombre-008');

-- ROL SOCIO DESCRIPCION
INSERT INTO test.rol_socio_descripcion (rol_socio_id, lang, value_) VALUES(1, 'es', 'descripcion-001');
INSERT INTO test.rol_socio_descripcion (rol_socio_id, lang, value_) VALUES(2, 'es', 'descripcion-002');
INSERT INTO test.rol_socio_descripcion (rol_socio_id, lang, value_) VALUES(3, 'es', 'descripcion-003');
INSERT INTO test.rol_socio_descripcion (rol_socio_id, lang, value_) VALUES(4, 'es', 'descripcion-4');
INSERT INTO test.rol_socio_descripcion (rol_socio_id, lang, value_) VALUES(5, 'es', 'descripcion-5');
INSERT INTO test.rol_socio_descripcion (rol_socio_id, lang, value_) VALUES(6, 'es', 'descripcion-6');
INSERT INTO test.rol_socio_descripcion (rol_socio_id, lang, value_) VALUES(7, 'es', 'descripcion-007');
INSERT INTO test.rol_socio_descripcion (rol_socio_id, lang, value_) VALUES(8, 'es', 'descripcion-008');

-- ROL SOCIO ABREVIATURA
INSERT INTO test.rol_socio_abreviatura (rol_socio_id, lang, value_) VALUES(1, 'es', '001');
INSERT INTO test.rol_socio_abreviatura (rol_socio_id, lang, value_) VALUES(2, 'es', '002');
INSERT INTO test.rol_socio_abreviatura (rol_socio_id, lang, value_) VALUES(3, 'es', '003');
INSERT INTO test.rol_socio_abreviatura (rol_socio_id, lang, value_) VALUES(4, 'es', '004');
INSERT INTO test.rol_socio_abreviatura (rol_socio_id, lang, value_) VALUES(5, 'es', '005');
INSERT INTO test.rol_socio_abreviatura (rol_socio_id, lang, value_) VALUES(6, 'es', '006');
INSERT INTO test.rol_socio_abreviatura (rol_socio_id, lang, value_) VALUES(7, 'es', '007');
INSERT INTO test.rol_socio_abreviatura (rol_socio_id, lang, value_) VALUES(8, 'es', '008');