-- TIPO FASE
INSERT INTO test.tipo_Fase (id, activo) VALUES (1,  true);
INSERT INTO test.tipo_Fase (id, activo) VALUES (2,  true);
INSERT INTO test.tipo_Fase (id, activo) VALUES (3,  false);
INSERT INTO test.tipo_Fase (id, activo) VALUES (11, true);
INSERT INTO test.tipo_Fase (id, activo) VALUES (12, true);
INSERT INTO test.tipo_Fase (id, activo) VALUES (13, true);
INSERT INTO test.tipo_Fase (id, activo) VALUES (14, true);

-- TIPO_FASE_NOMBRE
INSERT INTO test.tipo_fase_nombre (tipo_fase_id, lang, value_) VALUES (1,  'es', 'nombre-001');
INSERT INTO test.tipo_fase_nombre (tipo_fase_id, lang, value_) VALUES (2,  'es', 'nombre-002');
INSERT INTO test.tipo_fase_nombre (tipo_fase_id, lang, value_) VALUES (3,  'es', 'nombre-003');
INSERT INTO test.tipo_fase_nombre (tipo_fase_id, lang, value_) VALUES (11, 'es', 'nombre-011');
INSERT INTO test.tipo_fase_nombre (tipo_fase_id, lang, value_) VALUES (12, 'es', 'nombre-012');
INSERT INTO test.tipo_fase_nombre (tipo_fase_id, lang, value_) VALUES (13, 'es', 'nombre-013');
INSERT INTO test.tipo_fase_nombre (tipo_fase_id, lang, value_) VALUES (14, 'es', 'nombre-014');

-- TIPO_FASE_DESCRIPCION
INSERT INTO test.tipo_fase_descripcion (tipo_fase_id, lang, value_) VALUES (1,  'es', 'descripcion-001');
INSERT INTO test.tipo_fase_descripcion (tipo_fase_id, lang, value_) VALUES (2,  'es', 'descripcion-002');
INSERT INTO test.tipo_fase_descripcion (tipo_fase_id, lang, value_) VALUES (3,  'es', 'descripcion-003');
INSERT INTO test.tipo_fase_descripcion (tipo_fase_id, lang, value_) VALUES (11, 'es', 'descripcion-011');
INSERT INTO test.tipo_fase_descripcion (tipo_fase_id, lang, value_) VALUES (12, 'es', 'descripcion-012');
INSERT INTO test.tipo_fase_descripcion (tipo_fase_id, lang, value_) VALUES (13, 'es', 'descripcion-013');
INSERT INTO test.tipo_fase_descripcion (tipo_fase_id, lang, value_) VALUES (14, 'es', 'descripcion-014');
