-- TIPO FINANCIACION
INSERT INTO test.tipo_financiacion (id, activo) VALUES (1, true);
INSERT INTO test.tipo_financiacion (id, activo) VALUES (2, true);
INSERT INTO test.tipo_financiacion (id, activo) VALUES (3, true);
INSERT INTO test.tipo_financiacion (id, activo) VALUES (4, false);
INSERT INTO test.tipo_financiacion (id, activo) VALUES (11, true);
INSERT INTO test.tipo_financiacion (id, activo) VALUES (12, true);
INSERT INTO test.tipo_financiacion (id, activo) VALUES (13, true);
INSERT INTO test.tipo_financiacion (id, activo) VALUES (14, true);

-- TIPO FINANCIACION NOMBRE
INSERT INTO test.tipo_financiacion_nombre (tipo_financiacion_id, lang, value_) VALUES(1, 'es', 'nombre-001');
INSERT INTO test.tipo_financiacion_nombre (tipo_financiacion_id, lang, value_) VALUES(2, 'es', 'nombre-002');
INSERT INTO test.tipo_financiacion_nombre (tipo_financiacion_id, lang, value_) VALUES(3, 'es', 'nombre-003');
INSERT INTO test.tipo_financiacion_nombre (tipo_financiacion_id, lang, value_) VALUES(4, 'es', 'nombre-004');
INSERT INTO test.tipo_financiacion_nombre (tipo_financiacion_id, lang, value_) VALUES(11, 'es', 'nombre-011');
INSERT INTO test.tipo_financiacion_nombre (tipo_financiacion_id, lang, value_) VALUES(12, 'es', 'nombre-012');
INSERT INTO test.tipo_financiacion_nombre (tipo_financiacion_id, lang, value_) VALUES(13, 'es', 'nombre-013');
INSERT INTO test.tipo_financiacion_nombre (tipo_financiacion_id, lang, value_) VALUES(14, 'es', 'nombre-014');

-- TIPO FINANCIACION DESCRIPCION
INSERT INTO test.tipo_financiacion_descripcion (tipo_financiacion_id, lang, value_) VALUES(1, 'es', 'descripcion-001');
INSERT INTO test.tipo_financiacion_descripcion (tipo_financiacion_id, lang, value_) VALUES(2, 'es', 'descripcion-002');
INSERT INTO test.tipo_financiacion_descripcion (tipo_financiacion_id, lang, value_) VALUES(3, 'es', 'descripcion-003');
INSERT INTO test.tipo_financiacion_descripcion (tipo_financiacion_id, lang, value_) VALUES(4, 'es', 'descripcion-004');
INSERT INTO test.tipo_financiacion_descripcion (tipo_financiacion_id, lang, value_) VALUES(11, 'es', 'descripcion-011');
INSERT INTO test.tipo_financiacion_descripcion (tipo_financiacion_id, lang, value_) VALUES(12, 'es', 'descripcion-012');
INSERT INTO test.tipo_financiacion_descripcion (tipo_financiacion_id, lang, value_) VALUES(13, 'es', 'descripcion-013');
INSERT INTO test.tipo_financiacion_descripcion (tipo_financiacion_id, lang, value_) VALUES(14, 'es', 'descripcion-014');
