-- COMITE
INSERT INTO eti.comite (id, comite, activo) VALUES (1, 'Comite1', true);
INSERT INTO eti.comite (id, comite, activo) VALUES (2, 'Comite2', true);
INSERT INTO eti.comite (id, comite, activo) VALUES (3, 'Comite3', true);

-- TIPO CONVOCATORIA REUNION 
INSERT INTO eti.tipo_convocatoria_reunion (id, nombre, activo) VALUES (1, 'Ordinaria', true);
INSERT INTO eti.tipo_convocatoria_reunion (id, nombre, activo) VALUES (2, 'Extraordinaria', true);
INSERT INTO eti.tipo_convocatoria_reunion (id, nombre, activo) VALUES (3, 'Seguimiento', true);

-- CONVOCATORIA REUNION
INSERT INTO ETI.CONVOCATORIA_REUNION
(ID, COMITE_ID, FECHA_EVALUACION, FECHA_LIMITE, LUGAR, ORDEN_DIA, CODIGO, TIPO_CONVOCATORIA_REUNION_ID, HORA_INICIO, MINUTO_INICIO, FECHA_ENVIO, ACTIVO)
VALUES(1, 1, '2020-07-01 00:00:00.000', '2020-08-01', 'Lugar 01', 'Orden del día convocatoria reunión 01', 'CR-01', 1, 8, 30, '2020-07-13', true);
INSERT INTO ETI.CONVOCATORIA_REUNION
(ID, COMITE_ID, FECHA_EVALUACION, FECHA_LIMITE, LUGAR, ORDEN_DIA, CODIGO, TIPO_CONVOCATORIA_REUNION_ID, HORA_INICIO, MINUTO_INICIO, FECHA_ENVIO, ACTIVO)
VALUES(2, 1, '2020-07-02 00:00:00.000', '2020-08-02', 'Lugar 2', 'Orden del día convocatoria reunión 2', 'CR-2', 2, 9, 30, '2020-07-13', true);
INSERT INTO ETI.CONVOCATORIA_REUNION
(ID, COMITE_ID, FECHA_EVALUACION, FECHA_LIMITE, LUGAR, ORDEN_DIA, CODIGO, TIPO_CONVOCATORIA_REUNION_ID, HORA_INICIO, MINUTO_INICIO, FECHA_ENVIO, ACTIVO)
VALUES(3, 2, '2020-07-03 00:00:00.000', '2020-08-03', 'Lugar 03', 'Orden del día convocatoria reunión 03', 'CR-03', 1, 10, 30, '2020-07-13', true);
INSERT INTO ETI.CONVOCATORIA_REUNION
(ID, COMITE_ID, FECHA_EVALUACION, FECHA_LIMITE, LUGAR, ORDEN_DIA, CODIGO, TIPO_CONVOCATORIA_REUNION_ID, HORA_INICIO, MINUTO_INICIO, FECHA_ENVIO, ACTIVO)
VALUES(4, 2, '2020-07-04 00:00:00.000', '2020-08-04', 'Lugar 4', 'Orden del día convocatoria reunión 4', 'CR-4', 2, 11, 30, '2020-07-13', true);
INSERT INTO ETI.CONVOCATORIA_REUNION
(ID, COMITE_ID, FECHA_EVALUACION, FECHA_LIMITE, LUGAR, ORDEN_DIA, CODIGO, TIPO_CONVOCATORIA_REUNION_ID, HORA_INICIO, MINUTO_INICIO, FECHA_ENVIO, ACTIVO)
VALUES(5, 3, '2020-07-05 00:00:00.000', '2020-08-05', 'Lugar 05', 'Orden del día convocatoria reunión 05', 'CR-05', 1, 12, 30, '2020-07-13', true);


