
-- PROFESIONAL
INSERT INTO profesional (id, categoria_profesional, cuerpo_profesional, subcuerpo_profesional) VALUES
  ('001', 'categoriaProfesional-001', 'cuerpoProfesional-001', 'subcuerpoProfesional-001'),
  ('002', 'categoriaProfesional-002', 'cuerpoProfesional-002', 'subcuerpoProfesional-002'),
  ('003', 'categoriaProfesional-003', 'cuerpoProfesional-003', 'subcuerpoProfesional-003'),
  ('004', 'categoriaProfesional-004', 'cuerpoProfesional-004', 'subcuerpoProfesional-004'),
  ('005', 'categoriaProfesional-005', 'cuerpoProfesional-005', 'subcuerpoProfesional-005'),
  ('006', 'categoriaProfesional-006', 'cuerpoProfesional-006', 'subcuerpoProfesional-006'),
  ('007', 'categoriaProfesional-007', 'cuerpoProfesional-007', 'subcuerpoProfesional-007'),
  ('008', 'categoriaProfesional-008', 'cuerpoProfesional-008', 'subcuerpoProfesional-008'),
  ('009', 'categoriaProfesional-009', 'cuerpoProfesional-009', 'subcuerpoProfesional-009'),
  ('010', 'categoriaProfesional-010', 'cuerpoProfesional-010', 'subcuerpoProfesional-010'),
  ('011', 'categoriaProfesional-011', 'cuerpoProfesional-011', 'subcuerpoProfesional-011'),
  ('012', 'categoriaProfesional-012', 'cuerpoProfesional-012', 'subcuerpoProfesional-012'),
  ('013', 'categoriaProfesional-013', 'cuerpoProfesional-013', 'subcuerpoProfesional-013'),
  ('014', 'categoriaProfesional-014', 'cuerpoProfesional-014', 'subcuerpoProfesional-014'),
  ('015', 'categoriaProfesional-015', 'cuerpoProfesional-015', 'subcuerpoProfesional-015'),
  ('016', 'categoriaProfesional-016', 'cuerpoProfesional-016', 'subcuerpoProfesional-016'),
  ('017', 'categoriaProfesional-017', 'cuerpoProfesional-017', 'subcuerpoProfesional-017'),
  ('018', 'categoriaProfesional-018', 'cuerpoProfesional-018', 'subcuerpoProfesional-018'),
  ('019', 'categoriaProfesional-019', 'cuerpoProfesional-019', 'subcuerpoProfesional-019'),
  ('020', 'categoriaProfesional-020', 'cuerpoProfesional-020', 'subcuerpoProfesional-020'),
  ('021', 'categoriaProfesional-021', 'cuerpoProfesional-021', 'subcuerpoProfesional-021'),
  ('022', 'categoriaProfesional-022', 'cuerpoProfesional-022', 'subcuerpoProfesional-022'),
  ('023', 'categoriaProfesional-023', 'cuerpoProfesional-023', 'subcuerpoProfesional-023'),
  ('024', 'categoriaProfesional-024', 'cuerpoProfesional-024', 'subcuerpoProfesional-024'),
  ('025', 'categoriaProfesional-025', 'cuerpoProfesional-025', 'subcuerpoProfesional-025'),
  ('026', 'categoriaProfesional-026', 'cuerpoProfesional-026', 'subcuerpoProfesional-026'),
  ('027', 'categoriaProfesional-027', 'cuerpoProfesional-027', 'subcuerpoProfesional-027'),
  ('028', 'categoriaProfesional-028', 'cuerpoProfesional-028', 'subcuerpoProfesional-028'),
  ('029', 'categoriaProfesional-029', 'cuerpoProfesional-029', 'subcuerpoProfesional-029'),
  ('030', 'categoriaProfesional-030', 'cuerpoProfesional-030', 'subcuerpoProfesional-030'),
  ('031', 'categoriaProfesional-031', 'cuerpoProfesional-031', 'subcuerpoProfesional-031'),
  ('032', 'categoriaProfesional-032', 'cuerpoProfesional-032', 'subcuerpoProfesional-032'),
  ('033', 'categoriaProfesional-033', 'cuerpoProfesional-033', 'subcuerpoProfesional-033'),
  ('034', 'categoriaProfesional-034', 'cuerpoProfesional-034', 'subcuerpoProfesional-034'),
  ('035', 'categoriaProfesional-035', 'cuerpoProfesional-035', 'subcuerpoProfesional-035'),
  ('036', 'categoriaProfesional-036', 'cuerpoProfesional-036', 'subcuerpoProfesional-036'),
  ('037', 'categoriaProfesional-037', 'cuerpoProfesional-037', 'subcuerpoProfesional-037'),
  ('038', 'categoriaProfesional-038', 'cuerpoProfesional-038', 'subcuerpoProfesional-038'),
  ('039', 'categoriaProfesional-039', 'cuerpoProfesional-039', 'subcuerpoProfesional-039'),
  ('040', 'categoriaProfesional-040', 'cuerpoProfesional-040', 'subcuerpoProfesional-040'),
  ('041', 'categoriaProfesional-041', 'cuerpoProfesional-041', 'subcuerpoProfesional-041'),
  ('042', 'categoriaProfesional-042', 'cuerpoProfesional-042', 'subcuerpoProfesional-042'),
  ('043', 'categoriaProfesional-043', 'cuerpoProfesional-043', 'subcuerpoProfesional-043'),
  ('044', 'categoriaProfesional-044', 'cuerpoProfesional-044', 'subcuerpoProfesional-044'),
  ('045', 'categoriaProfesional-045', 'cuerpoProfesional-045', 'subcuerpoProfesional-045'),
  ('046', 'categoriaProfesional-046', 'cuerpoProfesional-046', 'subcuerpoProfesional-046'),
  ('047', 'categoriaProfesional-047', 'cuerpoProfesional-047', 'subcuerpoProfesional-047'),
  ('048', 'categoriaProfesional-048', 'cuerpoProfesional-048', 'subcuerpoProfesional-048'),
  ('049', 'categoriaProfesional-049', 'cuerpoProfesional-049', 'subcuerpoProfesional-049'),
  ('050', 'categoriaProfesional-050', 'cuerpoProfesional-050', 'subcuerpoProfesional-050');


-- PERSONA
INSERT INTO sgp.persona (id, nombre, primer_apellido, segundo_apellido, identificador_numero, identificador_letra) VALUES
  ('user-001', 'nombre-001', 'primerApellido-001', 'segundoApellido-001', '00000001', 'A'),
  ('user-002', 'nombre-002', 'primerApellido-002', 'segundoApellido-002', '00000002', 'B'),
  ('user-003', 'nombre-003', 'primerApellido-003', 'segundoApellido-003', '00000003', 'C'),
  ('user-004', 'nombre-004', 'primerApellido-004', 'segundoApellido-004', '00000004', 'D'),
  ('user-005', 'nombre-005', 'primerApellido-005', 'segundoApellido-005', '00000005', 'E'),
  ('user-006', 'nombre-006', 'primerApellido-006', 'segundoApellido-006', '00000006', 'F'),
  ('user-007', 'nombre-007', 'primerApellido-007', 'segundoApellido-007', '00000007', 'A'),
  ('user-008', 'nombre-008', 'primerApellido-008', 'segundoApellido-008', '00000008', 'B'),
  ('user-009', 'nombre-009', 'primerApellido-009', 'segundoApellido-009', '00000009', 'C'),
  ('user-010', 'nombre-010', 'primerApellido-010', 'segundoApellido-010', '00000010', 'D'),
  ('user-011', 'nombre-011', 'primerApellido-011', 'segundoApellido-011', '00000011', 'E'),
  ('user-012', 'nombre-012', 'primerApellido-012', 'segundoApellido-012', '00000012', 'F'),
  ('user-013', 'nombre-013', 'primerApellido-013', 'segundoApellido-013', '00000013', 'A'),
  ('user-014', 'nombre-014', 'primerApellido-014', 'segundoApellido-014', '00000014', 'B'),
  ('user-015', 'nombre-015', 'primerApellido-015', 'segundoApellido-015', '00000015', 'C'),
  ('user-016', 'nombre-016', 'primerApellido-016', 'segundoApellido-016', '00000016', 'D'),
  ('user-017', 'nombre-017', 'primerApellido-017', 'segundoApellido-017', '00000017', 'E'),
  ('user-018', 'nombre-018', 'primerApellido-018', 'segundoApellido-018', '00000018', 'F'),
  ('user-019', 'nombre-019', 'primerApellido-019', 'segundoApellido-019', '00000019', 'A'),
  ('user-020', 'nombre-020', 'primerApellido-020', 'segundoApellido-020', '00000020', 'B'),
  ('user-021', 'nombre-021', 'primerApellido-021', 'segundoApellido-021', '00000021', 'C'),
  ('user-022', 'nombre-022', 'primerApellido-022', 'segundoApellido-022', '00000022', 'D'),
  ('user-023', 'nombre-023', 'primerApellido-023', 'segundoApellido-023', '00000023', 'E'),
  ('user-024', 'nombre-024', 'primerApellido-024', 'segundoApellido-024', '00000024', 'F'),
  ('user-025', 'nombre-025', 'primerApellido-025', 'segundoApellido-025', '00000025', 'A'),
  ('user-026', 'nombre-026', 'primerApellido-026', 'segundoApellido-026', '00000026', 'B'),
  ('user-027', 'nombre-027', 'primerApellido-027', 'segundoApellido-027', '00000027', 'C'),
  ('user-028', 'nombre-028', 'primerApellido-028', 'segundoApellido-028', '00000028', 'D'),
  ('user-029', 'nombre-029', 'primerApellido-029', 'segundoApellido-029', '00000029', 'E'),
  ('user-030', 'nombre-030', 'primerApellido-030', 'segundoApellido-030', '00000030', 'F'),
  ('user-031', 'nombre-031', 'primerApellido-031', 'segundoApellido-031', '00000031', 'A'),
  ('user-032', 'nombre-032', 'primerApellido-032', 'segundoApellido-032', '00000032', 'B'),
  ('user-033', 'nombre-033', 'primerApellido-033', 'segundoApellido-033', '00000033', 'C'),
  ('user-034', 'nombre-034', 'primerApellido-034', 'segundoApellido-034', '00000034', 'D'),
  ('user-035', 'nombre-035', 'primerApellido-035', 'segundoApellido-035', '00000035', 'E'),
  ('user-036', 'nombre-036', 'primerApellido-036', 'segundoApellido-036', '00000036', 'F'),
  ('user-037', 'nombre-037', 'primerApellido-037', 'segundoApellido-037', '00000037', 'A'),
  ('user-038', 'nombre-038', 'primerApellido-038', 'segundoApellido-038', '00000038', 'B'),
  ('user-039', 'nombre-039', 'primerApellido-039', 'segundoApellido-039', '00000039', 'C'),
  ('user-040', 'nombre-040', 'primerApellido-040', 'segundoApellido-040', '00000040', 'D'),
  ('user-041', 'nombre-041', 'primerApellido-041', 'segundoApellido-041', '00000041', 'E'),
  ('user-042', 'nombre-042', 'primerApellido-042', 'segundoApellido-042', '00000042', 'F'),
  ('user-043', 'nombre-043', 'primerApellido-043', 'segundoApellido-043', '00000043', 'A'),
  ('user-044', 'nombre-044', 'primerApellido-044', 'segundoApellido-044', '00000044', 'B'),
  ('user-045', 'nombre-045', 'primerApellido-045', 'segundoApellido-045', '00000045', 'C'),
  ('user-046', 'nombre-046', 'primerApellido-046', 'segundoApellido-046', '00000046', 'D'),
  ('user-047', 'nombre-047', 'primerApellido-047', 'segundoApellido-047', '00000047', 'E'),
  ('user-048', 'nombre-048', 'primerApellido-048', 'segundoApellido-048', '00000048', 'F'),
  ('user-049', 'nombre-049', 'primerApellido-049', 'segundoApellido-049', '00000049', 'A'),
  ('user-050', 'nombre-050', 'primerApellido-050', 'segundoApellido-050', '00000050', 'B');


-- PERSONA FISICA
INSERT INTO sgp.persona_fisica (id, fecha_nacimiento, nacionalidad, sexo, tipo_persona, vinculacion, profesional_id) VALUES
  ('user-001', '2000-01-01', 'es', 'M', 'PERSONAS_FISICAS_NIF_ESPANIOLES', 'vinculacion-001', '001'),
  ('user-002', '2000-01-02', 'es', 'M', 'PERSONAS_FISICAS_NIF_ESPANIOLES', 'vinculacion-002', '002'),
  ('user-003', '2000-01-03', 'es', 'M', 'PERSONAS_FISICAS_NIF_ESPANIOLES', 'vinculacion-003', '003'),
  ('user-004', '2000-01-04', 'es', 'M', 'PERSONAS_FISICAS_NIF_ESPANIOLES', 'vinculacion-004', '004'),
  ('user-005', '2000-01-05', 'es', 'M', 'PERSONAS_FISICAS_NIF_ESPANIOLES', 'vinculacion-005', '005'),
  ('user-006', '2000-01-06', 'es', 'M', 'PERSONAS_FISICAS_NIF_ESPANIOLES', 'vinculacion-006', '006'),
  ('user-007', '2000-01-07', 'es', 'M', 'PERSONAS_FISICAS_NIF_ESPANIOLES', 'vinculacion-007', '007'),
  ('user-008', '2000-01-08', 'es', 'M', 'PERSONAS_FISICAS_NIF_ESPANIOLES', 'vinculacion-008', '008'),
  ('user-009', '2000-01-09', 'es', 'M', 'PERSONAS_FISICAS_NIF_ESPANIOLES', 'vinculacion-009', '009'),
  ('user-010', '2000-01-10', 'es', 'M', 'PERSONAS_FISICAS_NIF_ESPANIOLES', 'vinculacion-010', '010'),
  ('user-011', '2000-01-11', 'es', 'M', 'PERSONAS_FISICAS_NIF_ESPANIOLES', 'vinculacion-011', '011'),
  ('user-012', '2000-01-12', 'es', 'M', 'PERSONAS_FISICAS_NIF_ESPANIOLES', 'vinculacion-012', '012'),
  ('user-013', '2000-01-13', 'es', 'M', 'PERSONAS_FISICAS_NIF_ESPANIOLES', 'vinculacion-013', '013'),
  ('user-014', '2000-01-14', 'es', 'M', 'PERSONAS_FISICAS_NIF_ESPANIOLES', 'vinculacion-014', '014'),
  ('user-015', '2000-01-15', 'es', 'M', 'PERSONAS_FISICAS_NIF_ESPANIOLES', 'vinculacion-015', '015'),
  ('user-016', '2000-01-16', 'es', 'M', 'PERSONAS_FISICAS_NIF_ESPANIOLES', 'vinculacion-016', '016'),
  ('user-017', '2000-01-17', 'es', 'M', 'PERSONAS_FISICAS_NIF_ESPANIOLES', 'vinculacion-017', '017'),
  ('user-018', '2000-01-18', 'es', 'M', 'PERSONAS_FISICAS_NIF_ESPANIOLES', 'vinculacion-018', '018'),
  ('user-019', '2000-01-19', 'es', 'M', 'PERSONAS_FISICAS_NIF_ESPANIOLES', 'vinculacion-019', '019'),
  ('user-020', '2000-01-20', 'es', 'M', 'PERSONAS_FISICAS_NIF_ESPANIOLES', 'vinculacion-020', '020'),
  ('user-021', '2000-01-21', 'es', 'M', 'PERSONAS_FISICAS_NIF_ESPANIOLES', 'vinculacion-021', '021'),
  ('user-022', '2000-01-22', 'es', 'M', 'PERSONAS_FISICAS_NIF_ESPANIOLES', 'vinculacion-022', '022'),
  ('user-023', '2000-01-23', 'es', 'M', 'PERSONAS_FISICAS_NIF_ESPANIOLES', 'vinculacion-023', '023'),
  ('user-024', '2000-01-24', 'es', 'M', 'PERSONAS_FISICAS_NIF_ESPANIOLES', 'vinculacion-024', '024'),
  ('user-025', '2000-01-25', 'es', 'M', 'PERSONAS_FISICAS_NIF_ESPANIOLES', 'vinculacion-025', '025'),
  ('user-026', '2000-01-26', 'es', 'M', 'PERSONAS_FISICAS_NIF_ESPANIOLES', 'vinculacion-026', '026'),
  ('user-027', '2000-01-27', 'es', 'M', 'PERSONAS_FISICAS_NIF_ESPANIOLES', 'vinculacion-027', '027'),
  ('user-028', '2000-01-28', 'es', 'M', 'PERSONAS_FISICAS_NIF_ESPANIOLES', 'vinculacion-028', '028'),
  ('user-029', '2000-01-29', 'es', 'M', 'PERSONAS_FISICAS_NIF_ESPANIOLES', 'vinculacion-029', '029'),
  ('user-030', '2000-01-30', 'es', 'M', 'PERSONAS_FISICAS_NIF_ESPANIOLES', 'vinculacion-030', '030'),
  ('user-031', '2000-01-31', 'es', 'M', 'PERSONAS_FISICAS_NIF_ESPANIOLES', 'vinculacion-031', '031'),
  ('user-032', '2000-02-01', 'es', 'M', 'PERSONAS_FISICAS_NIF_ESPANIOLES', 'vinculacion-032', '032'),
  ('user-033', '2000-02-02', 'es', 'M', 'PERSONAS_FISICAS_NIF_ESPANIOLES', 'vinculacion-033', '033'),
  ('user-034', '2000-02-03', 'es', 'M', 'PERSONAS_FISICAS_NIF_ESPANIOLES', 'vinculacion-034', '034'),
  ('user-035', '2000-02-04', 'es', 'M', 'PERSONAS_FISICAS_NIF_ESPANIOLES', 'vinculacion-035', '035'),
  ('user-036', '2000-02-05', 'es', 'M', 'PERSONAS_FISICAS_NIF_ESPANIOLES', 'vinculacion-036', '036'),
  ('user-037', '2000-02-06', 'es', 'M', 'PERSONAS_FISICAS_NIF_ESPANIOLES', 'vinculacion-037', '037'),
  ('user-038', '2000-02-07', 'es', 'M', 'PERSONAS_FISICAS_NIF_ESPANIOLES', 'vinculacion-038', '038'),
  ('user-039', '2000-02-08', 'es', 'M', 'PERSONAS_FISICAS_NIF_ESPANIOLES', 'vinculacion-039', '039'),
  ('user-040', '2000-02-09', 'es', 'M', 'PERSONAS_FISICAS_NIF_ESPANIOLES', 'vinculacion-040', '040'),
  ('user-041', '2000-02-10', 'es', 'M', 'PERSONAS_FISICAS_NIF_ESPANIOLES', 'vinculacion-041', '041'),
  ('user-042', '2000-02-11', 'es', 'M', 'PERSONAS_FISICAS_NIF_ESPANIOLES', 'vinculacion-042', '042'),
  ('user-043', '2000-02-12', 'es', 'M', 'PERSONAS_FISICAS_NIF_ESPANIOLES', 'vinculacion-043', '043'),
  ('user-044', '2000-02-13', 'es', 'M', 'PERSONAS_FISICAS_NIF_ESPANIOLES', 'vinculacion-044', '044'),
  ('user-045', '2000-02-14', 'es', 'M', 'PERSONAS_FISICAS_NIF_ESPANIOLES', 'vinculacion-045', '045'),
  ('user-046', '2000-02-15', 'es', 'M', 'PERSONAS_FISICAS_NIF_ESPANIOLES', 'vinculacion-046', '046'),
  ('user-047', '2000-02-16', 'es', 'M', 'PERSONAS_FISICAS_NIF_ESPANIOLES', 'vinculacion-047', '047'),
  ('user-048', '2000-02-17', 'es', 'M', 'PERSONAS_FISICAS_NIF_ESPANIOLES', 'vinculacion-048', '048'),
  ('user-049', '2000-02-18', 'es', 'M', 'PERSONAS_FISICAS_NIF_ESPANIOLES', 'vinculacion-049', '049'),
  ('user-050', '2000-02-19', 'es', 'M', 'PERSONAS_FISICAS_NIF_ESPANIOLES', 'vinculacion-050', '050');


-- DOMICILIO
INSERT INTO domicilio (id, persona_id, tipo_via, nombre_via, numero, poblacion, codigo_postal, provincia, pais, ampliacion_domicilio) VALUES
  ('001', 'user-001', 'calle', 'via-001', '001', 'poblacion-001', '00001', 'provincia-001', 'españa', 'ampliacion-domicilio-001'),
  ('002', 'user-002', 'calle', 'via-002', '002', 'poblacion-002', '00002', 'provincia-002', 'españa', 'ampliacion-domicilio-002'),
  ('003', 'user-003', 'calle', 'via-003', '003', 'poblacion-003', '00003', 'provincia-003', 'españa', 'ampliacion-domicilio-003'),
  ('004', 'user-004', 'calle', 'via-004', '004', 'poblacion-004', '00004', 'provincia-004', 'españa', 'ampliacion-domicilio-004'),
  ('005', 'user-005', 'calle', 'via-005', '005', 'poblacion-005', '00005', 'provincia-005', 'españa', 'ampliacion-domicilio-005'),
  ('006', 'user-006', 'calle', 'via-006', '006', 'poblacion-006', '00006', 'provincia-006', 'españa', 'ampliacion-domicilio-006'),
  ('007', 'user-007', 'calle', 'via-007', '007', 'poblacion-007', '00007', 'provincia-007', 'españa', 'ampliacion-domicilio-007'),
  ('008', 'user-008', 'calle', 'via-008', '008', 'poblacion-008', '00008', 'provincia-008', 'españa', 'ampliacion-domicilio-008'),
  ('009', 'user-009', 'calle', 'via-009', '009', 'poblacion-009', '00009', 'provincia-009', 'españa', 'ampliacion-domicilio-009'),
  ('010', 'user-010', 'calle', 'via-010', '010', 'poblacion-010', '00010', 'provincia-010', 'españa', 'ampliacion-domicilio-010'),
  ('011', 'user-011', 'calle', 'via-011', '011', 'poblacion-011', '00011', 'provincia-011', 'españa', 'ampliacion-domicilio-011'),
  ('012', 'user-012', 'calle', 'via-012', '012', 'poblacion-012', '00012', 'provincia-012', 'españa', 'ampliacion-domicilio-012'),
  ('013', 'user-013', 'calle', 'via-013', '013', 'poblacion-013', '00013', 'provincia-013', 'españa', 'ampliacion-domicilio-013'),
  ('014', 'user-014', 'calle', 'via-014', '014', 'poblacion-014', '00014', 'provincia-014', 'españa', 'ampliacion-domicilio-014'),
  ('015', 'user-015', 'calle', 'via-015', '015', 'poblacion-015', '00015', 'provincia-015', 'españa', 'ampliacion-domicilio-015'),
  ('016', 'user-016', 'calle', 'via-016', '016', 'poblacion-016', '00016', 'provincia-016', 'españa', 'ampliacion-domicilio-016'),
  ('017', 'user-017', 'calle', 'via-017', '017', 'poblacion-017', '00017', 'provincia-017', 'españa', 'ampliacion-domicilio-017'),
  ('018', 'user-018', 'calle', 'via-018', '018', 'poblacion-018', '00018', 'provincia-018', 'españa', 'ampliacion-domicilio-018'),
  ('019', 'user-019', 'calle', 'via-019', '019', 'poblacion-019', '00019', 'provincia-019', 'españa', 'ampliacion-domicilio-019'),
  ('020', 'user-020', 'calle', 'via-020', '020', 'poblacion-020', '00020', 'provincia-020', 'españa', 'ampliacion-domicilio-020'),
  ('021', 'user-021', 'calle', 'via-021', '021', 'poblacion-021', '00021', 'provincia-021', 'españa', 'ampliacion-domicilio-021'),
  ('022', 'user-022', 'calle', 'via-022', '022', 'poblacion-022', '00022', 'provincia-022', 'españa', 'ampliacion-domicilio-022'),
  ('023', 'user-023', 'calle', 'via-023', '023', 'poblacion-023', '00023', 'provincia-023', 'españa', 'ampliacion-domicilio-023'),
  ('024', 'user-024', 'calle', 'via-024', '024', 'poblacion-024', '00024', 'provincia-024', 'españa', 'ampliacion-domicilio-024'),
  ('025', 'user-025', 'calle', 'via-025', '025', 'poblacion-025', '00025', 'provincia-025', 'españa', 'ampliacion-domicilio-025'),
  ('026', 'user-026', 'calle', 'via-026', '026', 'poblacion-026', '00026', 'provincia-026', 'españa', 'ampliacion-domicilio-026'),
  ('027', 'user-027', 'calle', 'via-027', '027', 'poblacion-027', '00027', 'provincia-027', 'españa', 'ampliacion-domicilio-027'),
  ('028', 'user-028', 'calle', 'via-028', '028', 'poblacion-028', '00028', 'provincia-028', 'españa', 'ampliacion-domicilio-028'),
  ('029', 'user-029', 'calle', 'via-029', '029', 'poblacion-029', '00029', 'provincia-029', 'españa', 'ampliacion-domicilio-029'),
  ('030', 'user-030', 'calle', 'via-030', '030', 'poblacion-030', '00030', 'provincia-030', 'españa', 'ampliacion-domicilio-030'),
  ('031', 'user-031', 'calle', 'via-031', '031', 'poblacion-031', '00031', 'provincia-031', 'españa', 'ampliacion-domicilio-031'),
  ('032', 'user-032', 'calle', 'via-032', '032', 'poblacion-032', '00032', 'provincia-032', 'españa', 'ampliacion-domicilio-032'),
  ('033', 'user-033', 'calle', 'via-033', '033', 'poblacion-033', '00033', 'provincia-033', 'españa', 'ampliacion-domicilio-033'),
  ('034', 'user-034', 'calle', 'via-034', '034', 'poblacion-034', '00034', 'provincia-034', 'españa', 'ampliacion-domicilio-034'),
  ('035', 'user-035', 'calle', 'via-035', '035', 'poblacion-035', '00035', 'provincia-035', 'españa', 'ampliacion-domicilio-035'),
  ('036', 'user-036', 'calle', 'via-036', '036', 'poblacion-036', '00036', 'provincia-036', 'españa', 'ampliacion-domicilio-036'),
  ('037', 'user-037', 'calle', 'via-037', '037', 'poblacion-037', '00037', 'provincia-037', 'españa', 'ampliacion-domicilio-037'),
  ('038', 'user-038', 'calle', 'via-038', '038', 'poblacion-038', '00038', 'provincia-038', 'españa', 'ampliacion-domicilio-038'),
  ('039', 'user-039', 'calle', 'via-039', '039', 'poblacion-039', '00039', 'provincia-039', 'españa', 'ampliacion-domicilio-039'),
  ('040', 'user-040', 'calle', 'via-040', '040', 'poblacion-040', '00040', 'provincia-040', 'españa', 'ampliacion-domicilio-040'),
  ('041', 'user-041', 'calle', 'via-041', '041', 'poblacion-041', '00041', 'provincia-041', 'españa', 'ampliacion-domicilio-041'),
  ('042', 'user-042', 'calle', 'via-042', '042', 'poblacion-042', '00042', 'provincia-042', 'españa', 'ampliacion-domicilio-042'),
  ('043', 'user-043', 'calle', 'via-043', '043', 'poblacion-043', '00043', 'provincia-043', 'españa', 'ampliacion-domicilio-043'),
  ('044', 'user-044', 'calle', 'via-044', '044', 'poblacion-044', '00044', 'provincia-044', 'españa', 'ampliacion-domicilio-044'),
  ('045', 'user-045', 'calle', 'via-045', '045', 'poblacion-045', '00045', 'provincia-045', 'españa', 'ampliacion-domicilio-045'),
  ('046', 'user-046', 'calle', 'via-046', '046', 'poblacion-046', '00046', 'provincia-046', 'españa', 'ampliacion-domicilio-046'),
  ('047', 'user-047', 'calle', 'via-047', '047', 'poblacion-047', '00047', 'provincia-047', 'españa', 'ampliacion-domicilio-047'),
  ('048', 'user-048', 'calle', 'via-048', '048', 'poblacion-048', '00048', 'provincia-048', 'españa', 'ampliacion-domicilio-048'),
  ('049', 'user-049', 'calle', 'via-049', '049', 'poblacion-049', '00049', 'provincia-049', 'españa', 'ampliacion-domicilio-049'),
  ('050', 'user-050', 'calle', 'via-050', '050', 'poblacion-050', '00050', 'provincia-050', 'españa', 'ampliacion-domicilio-050'),
  ('051', 'user-051', 'calle', 'via-051', '051', 'poblacion-051', '00051', 'provincia-051', 'españa', 'ampliacion-domicilio-051'),
  ('052', 'user-052', 'calle', 'via-052', '052', 'poblacion-052', '00052', 'provincia-052', 'españa', 'ampliacion-domicilio-052'),
  ('053', 'user-053', 'calle', 'via-053', '053', 'poblacion-053', '00053', 'provincia-053', 'españa', 'ampliacion-domicilio-053'),
  ('054', 'user-054', 'calle', 'via-054', '054', 'poblacion-054', '00054', 'provincia-054', 'españa', 'ampliacion-domicilio-054'),
  ('055', 'user-055', 'calle', 'via-055', '055', 'poblacion-055', '00055', 'provincia-055', 'españa', 'ampliacion-domicilio-055'),
  ('056', 'user-056', 'calle', 'via-056', '056', 'poblacion-056', '00056', 'provincia-056', 'españa', 'ampliacion-domicilio-056'),
  ('057', 'user-057', 'calle', 'via-057', '057', 'poblacion-057', '00057', 'provincia-057', 'españa', 'ampliacion-domicilio-057'),
  ('058', 'user-058', 'calle', 'via-058', '058', 'poblacion-058', '00058', 'provincia-058', 'españa', 'ampliacion-domicilio-058'),
  ('059', 'user-059', 'calle', 'via-059', '059', 'poblacion-059', '00059', 'provincia-059', 'españa', 'ampliacion-domicilio-059'),
  ('060', 'user-060', 'calle', 'via-060', '060', 'poblacion-060', '00060', 'provincia-060', 'españa', 'ampliacion-domicilio-060'),
  ('061', 'user-061', 'calle', 'via-061', '061', 'poblacion-061', '00061', 'provincia-061', 'españa', 'ampliacion-domicilio-061'),
  ('062', 'user-062', 'calle', 'via-062', '062', 'poblacion-062', '00062', 'provincia-062', 'españa', 'ampliacion-domicilio-062'),
  ('063', 'user-063', 'calle', 'via-063', '063', 'poblacion-063', '00063', 'provincia-063', 'españa', 'ampliacion-domicilio-063'),
  ('064', 'user-064', 'calle', 'via-064', '064', 'poblacion-064', '00064', 'provincia-064', 'españa', 'ampliacion-domicilio-064'),
  ('065', 'user-065', 'calle', 'via-065', '065', 'poblacion-065', '00065', 'provincia-065', 'españa', 'ampliacion-domicilio-065'),
  ('066', 'user-066', 'calle', 'via-066', '066', 'poblacion-066', '00066', 'provincia-066', 'españa', 'ampliacion-domicilio-066'),
  ('067', 'user-067', 'calle', 'via-067', '067', 'poblacion-067', '00067', 'provincia-067', 'españa', 'ampliacion-domicilio-067'),
  ('068', 'user-068', 'calle', 'via-068', '068', 'poblacion-068', '00068', 'provincia-068', 'españa', 'ampliacion-domicilio-068'),
  ('069', 'user-069', 'calle', 'via-069', '069', 'poblacion-069', '00069', 'provincia-069', 'españa', 'ampliacion-domicilio-069'),
  ('070', 'user-070', 'calle', 'via-070', '070', 'poblacion-070', '00070', 'provincia-070', 'españa', 'ampliacion-domicilio-070'),
  ('071', 'user-071', 'calle', 'via-071', '071', 'poblacion-071', '00071', 'provincia-071', 'españa', 'ampliacion-domicilio-071'),
  ('072', 'user-072', 'calle', 'via-072', '072', 'poblacion-072', '00072', 'provincia-072', 'españa', 'ampliacion-domicilio-072'),
  ('073', 'user-073', 'calle', 'via-073', '073', 'poblacion-073', '00073', 'provincia-073', 'españa', 'ampliacion-domicilio-073'),
  ('074', 'user-074', 'calle', 'via-074', '074', 'poblacion-074', '00074', 'provincia-074', 'españa', 'ampliacion-domicilio-074'),
  ('075', 'user-075', 'calle', 'via-075', '075', 'poblacion-075', '00075', 'provincia-075', 'españa', 'ampliacion-domicilio-075'),
  ('076', 'user-076', 'calle', 'via-076', '076', 'poblacion-076', '00076', 'provincia-076', 'españa', 'ampliacion-domicilio-076'),
  ('077', 'user-077', 'calle', 'via-077', '077', 'poblacion-077', '00077', 'provincia-077', 'españa', 'ampliacion-domicilio-077'),
  ('078', 'user-078', 'calle', 'via-078', '078', 'poblacion-078', '00078', 'provincia-078', 'españa', 'ampliacion-domicilio-078'),
  ('079', 'user-079', 'calle', 'via-079', '079', 'poblacion-079', '00079', 'provincia-079', 'españa', 'ampliacion-domicilio-079'),
  ('080', 'user-080', 'calle', 'via-080', '080', 'poblacion-080', '00080', 'provincia-080', 'españa', 'ampliacion-domicilio-080'),
  ('081', 'user-081', 'calle', 'via-081', '081', 'poblacion-081', '00081', 'provincia-081', 'españa', 'ampliacion-domicilio-081'),
  ('082', 'user-082', 'calle', 'via-082', '082', 'poblacion-082', '00082', 'provincia-082', 'españa', 'ampliacion-domicilio-082'),
  ('083', 'user-083', 'calle', 'via-083', '083', 'poblacion-083', '00083', 'provincia-083', 'españa', 'ampliacion-domicilio-083'),
  ('084', 'user-084', 'calle', 'via-084', '084', 'poblacion-084', '00084', 'provincia-084', 'españa', 'ampliacion-domicilio-084'),
  ('085', 'user-085', 'calle', 'via-085', '085', 'poblacion-085', '00085', 'provincia-085', 'españa', 'ampliacion-domicilio-085'),
  ('086', 'user-086', 'calle', 'via-086', '086', 'poblacion-086', '00086', 'provincia-086', 'españa', 'ampliacion-domicilio-086'),
  ('087', 'user-087', 'calle', 'via-087', '087', 'poblacion-087', '00087', 'provincia-087', 'españa', 'ampliacion-domicilio-087'),
  ('088', 'user-088', 'calle', 'via-088', '088', 'poblacion-088', '00088', 'provincia-088', 'españa', 'ampliacion-domicilio-088'),
  ('089', 'user-089', 'calle', 'via-089', '089', 'poblacion-089', '00089', 'provincia-089', 'españa', 'ampliacion-domicilio-089'),
  ('090', 'user-090', 'calle', 'via-090', '090', 'poblacion-090', '00090', 'provincia-090', 'españa', 'ampliacion-domicilio-090'),
  ('091', 'user-091', 'calle', 'via-091', '091', 'poblacion-091', '00091', 'provincia-091', 'españa', 'ampliacion-domicilio-091'),
  ('092', 'user-092', 'calle', 'via-092', '092', 'poblacion-092', '00092', 'provincia-092', 'españa', 'ampliacion-domicilio-092'),
  ('093', 'user-093', 'calle', 'via-093', '093', 'poblacion-093', '00093', 'provincia-093', 'españa', 'ampliacion-domicilio-093'),
  ('094', 'user-094', 'calle', 'via-094', '094', 'poblacion-094', '00094', 'provincia-094', 'españa', 'ampliacion-domicilio-094'),
  ('095', 'user-095', 'calle', 'via-095', '095', 'poblacion-095', '00095', 'provincia-095', 'españa', 'ampliacion-domicilio-095'),
  ('096', 'user-096', 'calle', 'via-096', '096', 'poblacion-096', '00096', 'provincia-096', 'españa', 'ampliacion-domicilio-096'),
  ('097', 'user-097', 'calle', 'via-097', '097', 'poblacion-097', '00097', 'provincia-097', 'españa', 'ampliacion-domicilio-097'),
  ('098', 'user-098', 'calle', 'via-098', '098', 'poblacion-098', '00098', 'provincia-098', 'españa', 'ampliacion-domicilio-098'),
  ('099', 'user-099', 'calle', 'via-099', '099', 'poblacion-099', '00099', 'provincia-099', 'españa', 'ampliacion-domicilio-099'),
  ('100', 'user-100', 'calle', 'via-100', '100', 'poblacion-100', '00100', 'provincia-100', 'españa', 'ampliacion-domicilio-100');


-- EMAIL
INSERT INTO email (id, persona_id, email, tipo_email) VALUES
  ('001','user-001', 'user-001a@email.es', 'tipo-001'),
  ('002','user-001', 'user-001b@email.es', 'tipo-002'),
  ('003','user-002', 'user-002a@email.es', 'tipo-001'),
  ('004','user-002', 'user-002b@email.es', 'tipo-002'),
  ('005','user-003', 'user-003a@email.es', 'tipo-001'),
  ('006','user-003', 'user-003b@email.es', 'tipo-002'),
  ('007','user-004', 'user-004a@email.es', 'tipo-001'),
  ('008','user-004', 'user-004b@email.es', 'tipo-002'),
  ('009','user-005', 'user-005a@email.es', 'tipo-001'),
  ('010', 'user-005', 'user-005b@email.es', 'tipo-002'),
  ('011', 'user-006', 'user-006a@email.es', 'tipo-001'),
  ('012', 'user-006', 'user-006b@email.es', 'tipo-002'),
  ('013', 'user-007', 'user-007a@email.es', 'tipo-001'),
  ('014', 'user-007', 'user-007b@email.es', 'tipo-002'),
  ('015', 'user-008', 'user-008a@email.es', 'tipo-001'),
  ('016', 'user-008', 'user-008b@email.es', 'tipo-002'),
  ('017', 'user-009', 'user-009a@email.es', 'tipo-001'),
  ('018', 'user-009', 'user-009b@email.es', 'tipo-002'),
  ('019', 'user-010', 'user-010a@email.es', 'tipo-001'),
  ('020', 'user-010', 'user-010b@email.es', 'tipo-002'),
  ('021', 'user-011', 'user-011a@email.es', 'tipo-001'),
  ('022', 'user-011', 'user-011b@email.es', 'tipo-002'),
  ('023', 'user-012', 'user-012a@email.es', 'tipo-001'),
  ('024', 'user-012', 'user-012b@email.es', 'tipo-002'),
  ('025', 'user-013', 'user-013a@email.es', 'tipo-001'),
  ('026', 'user-013', 'user-013b@email.es', 'tipo-002'),
  ('027', 'user-014', 'user-014a@email.es', 'tipo-001'),
  ('028', 'user-014', 'user-014b@email.es', 'tipo-002'),
  ('029', 'user-015', 'user-015a@email.es', 'tipo-001'),
  ('030', 'user-015', 'user-015b@email.es', 'tipo-002'),
  ('031', 'user-016', 'user-016a@email.es', 'tipo-001'),
  ('032', 'user-016', 'user-016b@email.es', 'tipo-002'),
  ('033', 'user-017', 'user-017a@email.es', 'tipo-001'),
  ('034', 'user-017', 'user-017b@email.es', 'tipo-002'),
  ('035', 'user-018', 'user-018a@email.es', 'tipo-001'),
  ('036', 'user-018', 'user-018b@email.es', 'tipo-002'),
  ('037', 'user-019', 'user-019a@email.es', 'tipo-001'),
  ('038', 'user-019', 'user-019b@email.es', 'tipo-002'),
  ('039', 'user-020', 'user-020a@email.es', 'tipo-001'),
  ('040', 'user-020', 'user-020b@email.es', 'tipo-002'),
  ('041', 'user-021', 'user-021a@email.es', 'tipo-001'),
  ('042', 'user-021', 'user-021b@email.es', 'tipo-002'),
  ('043', 'user-022', 'user-022a@email.es', 'tipo-001'),
  ('044', 'user-022', 'user-022b@email.es', 'tipo-002'),
  ('045', 'user-023', 'user-023a@email.es', 'tipo-001'),
  ('046', 'user-023', 'user-023b@email.es', 'tipo-002'),
  ('047', 'user-024', 'user-024a@email.es', 'tipo-001'),
  ('048', 'user-024', 'user-024b@email.es', 'tipo-002'),
  ('049', 'user-025', 'user-025a@email.es', 'tipo-001'),
  ('050', 'user-025', 'user-025b@email.es', 'tipo-002'),
  ('051', 'user-026', 'user-026a@email.es', 'tipo-001'),
  ('052', 'user-026', 'user-026b@email.es', 'tipo-002'),
  ('053', 'user-027', 'user-027a@email.es', 'tipo-001'),
  ('054', 'user-027', 'user-027b@email.es', 'tipo-002'),
  ('055', 'user-028', 'user-028a@email.es', 'tipo-001'),
  ('056', 'user-028', 'user-028b@email.es', 'tipo-002'),
  ('057', 'user-029', 'user-029a@email.es', 'tipo-001'),
  ('058', 'user-029', 'user-029b@email.es', 'tipo-002'),
  ('059', 'user-030', 'user-030a@email.es', 'tipo-001'),
  ('060', 'user-030', 'user-030b@email.es', 'tipo-002'),
  ('061', 'user-031', 'user-031a@email.es', 'tipo-001'),
  ('062', 'user-031', 'user-031b@email.es', 'tipo-002'),
  ('063', 'user-032', 'user-032a@email.es', 'tipo-001'),
  ('064', 'user-032', 'user-032b@email.es', 'tipo-002'),
  ('065', 'user-033', 'user-033a@email.es', 'tipo-001'),
  ('066', 'user-033', 'user-033b@email.es', 'tipo-002'),
  ('067', 'user-034', 'user-034a@email.es', 'tipo-001'),
  ('068', 'user-034', 'user-034b@email.es', 'tipo-002'),
  ('069', 'user-035', 'user-035a@email.es', 'tipo-001'),
  ('070', 'user-035', 'user-035b@email.es', 'tipo-002'),
  ('071', 'user-036', 'user-036a@email.es', 'tipo-001'),
  ('072', 'user-036', 'user-036b@email.es', 'tipo-002'),
  ('073', 'user-037', 'user-037a@email.es', 'tipo-001'),
  ('074', 'user-037', 'user-037b@email.es', 'tipo-002'),
  ('075', 'user-038', 'user-038a@email.es', 'tipo-001'),
  ('076', 'user-038', 'user-038b@email.es', 'tipo-002'),
  ('077', 'user-039', 'user-039a@email.es', 'tipo-001'),
  ('078', 'user-039', 'user-039b@email.es', 'tipo-002'),
  ('079', 'user-040', 'user-040a@email.es', 'tipo-001'),
  ('080', 'user-040', 'user-040b@email.es', 'tipo-002'),
  ('081', 'user-041', 'user-041a@email.es', 'tipo-001'),
  ('082', 'user-041', 'user-041b@email.es', 'tipo-002'),
  ('083', 'user-042', 'user-042a@email.es', 'tipo-001'),
  ('084', 'user-042', 'user-042b@email.es', 'tipo-002'),
  ('085', 'user-043', 'user-043a@email.es', 'tipo-001'),
  ('086', 'user-043', 'user-043b@email.es', 'tipo-002'),
  ('087', 'user-044', 'user-044a@email.es', 'tipo-001'),
  ('088', 'user-044', 'user-044b@email.es', 'tipo-002'),
  ('089', 'user-045', 'user-045a@email.es', 'tipo-001'),
  ('090', 'user-045', 'user-045b@email.es', 'tipo-002'),
  ('091', 'user-046', 'user-046a@email.es', 'tipo-001'),
  ('092', 'user-046', 'user-046b@email.es', 'tipo-002'),
  ('093', 'user-047', 'user-047a@email.es', 'tipo-001'),
  ('094', 'user-047', 'user-047b@email.es', 'tipo-002'),
  ('095', 'user-048', 'user-048a@email.es', 'tipo-001'),
  ('096', 'user-048', 'user-048b@email.es', 'tipo-002'),
  ('097', 'user-049', 'user-049a@email.es', 'tipo-001'),
  ('098', 'user-049', 'user-049b@email.es', 'tipo-002'), 
  ('099', 'user-050', 'user-050a@email.es', 'tipo-001'),
  ('100', 'user-050', 'user-050b@email.es', 'tipo-002'),
  ('101', 'user-051', 'user-051a@email.es', 'tipo-001'),
  ('102', 'user-051', 'user-051b@email.es', 'tipo-002'),
  ('103', 'user-052', 'user-052a@email.es', 'tipo-001'),
  ('104', 'user-052', 'user-052b@email.es', 'tipo-002'),
  ('105', 'user-053', 'user-053a@email.es', 'tipo-001'),
  ('106', 'user-053', 'user-053b@email.es', 'tipo-002'),
  ('107', 'user-054', 'user-054a@email.es', 'tipo-001'),
  ('108', 'user-054', 'user-054b@email.es', 'tipo-002'),
  ('109', 'user-055', 'user-055a@email.es', 'tipo-001'),
  ('110', 'user-055', 'user-055b@email.es', 'tipo-002'),
  ('111', 'user-056', 'user-056a@email.es', 'tipo-001'),
  ('112', 'user-056', 'user-056b@email.es', 'tipo-002'),
  ('113', 'user-057', 'user-057a@email.es', 'tipo-001'),
  ('114', 'user-057', 'user-057b@email.es', 'tipo-002'),
  ('115', 'user-058', 'user-058a@email.es', 'tipo-001'),
  ('116', 'user-058', 'user-058b@email.es', 'tipo-002'),
  ('117', 'user-059', 'user-059a@email.es', 'tipo-001'),
  ('118', 'user-059', 'user-059b@email.es', 'tipo-002'),
  ('119', 'user-060', 'user-060a@email.es', 'tipo-001'),
  ('120', 'user-060', 'user-060b@email.es', 'tipo-002');


-- TELEFONO
INSERT INTO telefono (id, persona_id, telefono, tipo_telefono) VALUES
  ('001', 'user-001', '000000001', 'tipo-001'),
  ('002', 'user-001', '000000002', 'tipo-002'),
  ('003', 'user-002', '000000003', 'tipo-001'),
  ('004', 'user-002', '000000004', 'tipo-002'),
  ('005', 'user-003', '000000005', 'tipo-001'),
  ('006', 'user-003', '000000006', 'tipo-002'),
  ('007', 'user-004', '000000007', 'tipo-001'),
  ('008', 'user-004', '000000008', 'tipo-002'),
  ('009', 'user-005', '000000009', 'tipo-001'),
  ('010', 'user-005', '000000010', 'tipo-002'),
  ('011', 'user-006', '000000011', 'tipo-001'),
  ('012', 'user-006', '000000012', 'tipo-002'),
  ('013', 'user-007', '000000013', 'tipo-001'),
  ('014', 'user-007', '000000014', 'tipo-002'),
  ('015', 'user-008', '000000015', 'tipo-001'),
  ('016', 'user-008', '000000016', 'tipo-002'),
  ('017', 'user-009', '000000017', 'tipo-001'),
  ('018', 'user-009', '000000018', 'tipo-002'),
  ('019', 'user-010', '000000019', 'tipo-001'),
  ('020', 'user-010', '000000020', 'tipo-002'),
  ('021', 'user-011', '000000021', 'tipo-001'),
  ('022', 'user-011', '000000022', 'tipo-002'),
  ('023', 'user-012', '000000023', 'tipo-001'),
  ('024', 'user-012', '000000024', 'tipo-002'),
  ('025', 'user-013', '000000025', 'tipo-001'),
  ('026', 'user-013', '000000026', 'tipo-002'),
  ('027', 'user-014', '000000027', 'tipo-001'),
  ('028', 'user-014', '000000028', 'tipo-002'),
  ('029', 'user-015', '000000029', 'tipo-001'),
  ('030', 'user-015', '000000030', 'tipo-002'),
  ('031', 'user-016', '000000031', 'tipo-001'),
  ('032', 'user-016', '000000032', 'tipo-002'),
  ('033', 'user-017', '000000033', 'tipo-001'),
  ('034', 'user-017', '000000034', 'tipo-002'),
  ('035', 'user-018', '000000035', 'tipo-001'),
  ('036', 'user-018', '000000036', 'tipo-002'),
  ('037', 'user-019', '000000037', 'tipo-001'),
  ('038', 'user-019', '000000038', 'tipo-002'),
  ('039', 'user-020', '000000039', 'tipo-001'),
  ('040', 'user-020', '000000040', 'tipo-002'),
  ('041', 'user-021', '000000041', 'tipo-001'),
  ('042', 'user-021', '000000042', 'tipo-002'),
  ('043', 'user-022', '000000043', 'tipo-001'),
  ('044', 'user-022', '000000044', 'tipo-002'),
  ('045', 'user-023', '000000045', 'tipo-001'),
  ('046', 'user-023', '000000046', 'tipo-002'),
  ('047', 'user-024', '000000047', 'tipo-001'),
  ('048', 'user-024', '000000048', 'tipo-002'),
  ('049', 'user-025', '000000049', 'tipo-001'),
  ('050', 'user-025', '000000050', 'tipo-002'),
  ('051', 'user-026', '000000051', 'tipo-001'),
  ('052', 'user-026', '000000052', 'tipo-002'),
  ('053', 'user-027', '000000053', 'tipo-001'),
  ('054', 'user-027', '000000054', 'tipo-002'),
  ('055', 'user-028', '000000055', 'tipo-001'),
  ('056', 'user-028', '000000056', 'tipo-002'),
  ('057', 'user-029', '000000057', 'tipo-001'),
  ('058', 'user-029', '000000058', 'tipo-002'),
  ('059', 'user-030', '000000059', 'tipo-001'),
  ('060', 'user-030', '000000060', 'tipo-002'),
  ('061', 'user-031', '000000061', 'tipo-001'),
  ('062', 'user-031', '000000062', 'tipo-002'),
  ('063', 'user-032', '000000063', 'tipo-001'),
  ('064', 'user-032', '000000064', 'tipo-002'),
  ('065', 'user-033', '000000065', 'tipo-001'),
  ('066', 'user-033', '000000066', 'tipo-002'),
  ('067', 'user-034', '000000067', 'tipo-001'),
  ('068', 'user-034', '000000068', 'tipo-002'),
  ('069', 'user-035', '000000069', 'tipo-001'),
  ('070', 'user-035', '000000070', 'tipo-002'),
  ('071', 'user-036', '000000071', 'tipo-001'),
  ('072', 'user-036', '000000072', 'tipo-002'),
  ('073', 'user-037', '000000073', 'tipo-001'),
  ('074', 'user-037', '000000074', 'tipo-002'),
  ('075', 'user-038', '000000075', 'tipo-001'),
  ('076', 'user-038', '000000076', 'tipo-002'),
  ('077', 'user-039', '000000077', 'tipo-001'),
  ('078', 'user-039', '000000078', 'tipo-002'),
  ('079', 'user-040', '000000079', 'tipo-001'),
  ('080', 'user-040', '000000080', 'tipo-002'),
  ('081', 'user-041', '000000081', 'tipo-001'),
  ('082', 'user-041', '000000082', 'tipo-002'),
  ('083', 'user-042', '000000083', 'tipo-001'),
  ('084', 'user-042', '000000084', 'tipo-002'),
  ('085', 'user-043', '000000085', 'tipo-001'),
  ('086', 'user-043', '000000086', 'tipo-002'),
  ('087', 'user-044', '000000087', 'tipo-001'),
  ('088', 'user-044', '000000088', 'tipo-002'),
  ('089', 'user-045', '000000089', 'tipo-001'),
  ('090', 'user-045', '000000090', 'tipo-002'),
  ('091', 'user-046', '000000091', 'tipo-001'),
  ('092', 'user-046', '000000092', 'tipo-002'),
  ('093', 'user-047', '000000093', 'tipo-001'),
  ('094', 'user-047', '000000094', 'tipo-002'),
  ('095', 'user-048', '000000095', 'tipo-001'),
  ('096', 'user-048', '000000096', 'tipo-002'),
  ('097', 'user-049', '000000097', 'tipo-001'),
  ('098', 'user-049', '000000098', 'tipo-002'), 
  ('099', 'user-050', '000000099', 'tipo-001'),
  ('100', 'user-050', '000000100', 'tipo-002'),
  ('101', 'user-051', '000000101', 'tipo-001'),
  ('102', 'user-051', '000000102', 'tipo-002'),
  ('103', 'user-052', '000000103', 'tipo-001'),
  ('104', 'user-052', '000000104', 'tipo-002'),
  ('105', 'user-053', '000000105', 'tipo-001'),
  ('106', 'user-053', '000000106', 'tipo-002'),
  ('107', 'user-054', '000000107', 'tipo-001'),
  ('108', 'user-054', '000000108', 'tipo-002'),
  ('109', 'user-055', '000000109', 'tipo-001'),
  ('110', 'user-055', '000000100', 'tipo-002'),
  ('111', 'user-056', '000000101', 'tipo-001'),
  ('112', 'user-056', '000000102', 'tipo-002'),
  ('113', 'user-057', '000000103', 'tipo-001'),
  ('114', 'user-057', '000000104', 'tipo-002'),
  ('115', 'user-058', '000000105', 'tipo-001'),
  ('116', 'user-058', '000000106', 'tipo-002'),
  ('117', 'user-059', '000000107', 'tipo-001'),
  ('118', 'user-059', '000000108', 'tipo-002'),
  ('119', 'user-060', '000000109', 'tipo-001'),
  ('120', 'user-060', '000000110', 'tipo-002');


-- PERSONA JURIDICA
INSERT INTO persona_juridica (id, razon_social, identificador_numero, identificador_letra, tipo_persona, persona_contacto_id) VALUES
  ('user-051', 'razonsocial-051', '00000051', 'A', 'PERSONAS_JURIDICAS_ESPANIOLAS', 'user-001'),
  ('user-052', 'razonsocial-052', '00000052', 'A', 'PERSONAS_JURIDICAS_ESPANIOLAS', 'user-002'),
  ('user-053', 'razonsocial-053', '00000053', 'A', 'PERSONAS_JURIDICAS_ESPANIOLAS', 'user-003'),
  ('user-054', 'razonsocial-054', '00000054', 'A', 'PERSONAS_JURIDICAS_ESPANIOLAS', 'user-004'),
  ('user-055', 'razonsocial-055', '00000055', 'A', 'PERSONAS_JURIDICAS_ESPANIOLAS', 'user-005'),
  ('user-056', 'razonsocial-056', '00000056', 'A', 'PERSONAS_JURIDICAS_ESPANIOLAS', 'user-006'),
  ('user-057', 'razonsocial-057', '00000057', 'A', 'PERSONAS_JURIDICAS_ESPANIOLAS', 'user-007'),
  ('user-058', 'razonsocial-058', '00000058', 'A', 'PERSONAS_JURIDICAS_ESPANIOLAS', 'user-008'),
  ('user-059', 'razonsocial-059', '00000059', 'A', 'PERSONAS_JURIDICAS_ESPANIOLAS', 'user-009'),
  ('user-060', 'razonsocial-060', '00000060', 'A', 'PERSONAS_JURIDICAS_ESPANIOLAS', 'user-010'),
  ('user-061', 'razonsocial-061', '00000061', 'A', 'PERSONAS_JURIDICAS_ESPANIOLAS', 'user-011'),
  ('user-062', 'razonsocial-062', '00000062', 'A', 'PERSONAS_JURIDICAS_ESPANIOLAS', 'user-012'),
  ('user-063', 'razonsocial-063', '00000063', 'A', 'PERSONAS_JURIDICAS_ESPANIOLAS', 'user-013'),
  ('user-064', 'razonsocial-064', '00000064', 'A', 'PERSONAS_JURIDICAS_ESPANIOLAS', 'user-014'),
  ('user-065', 'razonsocial-065', '00000065', 'A', 'PERSONAS_JURIDICAS_ESPANIOLAS', 'user-015'),
  ('user-066', 'razonsocial-066', '00000066', 'A', 'PERSONAS_JURIDICAS_ESPANIOLAS', 'user-016'),
  ('user-067', 'razonsocial-067', '00000067', 'A', 'PERSONAS_JURIDICAS_ESPANIOLAS', 'user-017'),
  ('user-068', 'razonsocial-068', '00000068', 'A', 'PERSONAS_JURIDICAS_ESPANIOLAS', 'user-018'),
  ('user-069', 'razonsocial-069', '00000069', 'A', 'PERSONAS_JURIDICAS_ESPANIOLAS', 'user-019'),
  ('user-070', 'razonsocial-070', '00000070', 'A', 'PERSONAS_JURIDICAS_ESPANIOLAS', 'user-020'),
  ('user-071', 'razonsocial-071', '00000071', 'A', 'PERSONAS_JURIDICAS_ESPANIOLAS', 'user-021'),
  ('user-072', 'razonsocial-072', '00000072', 'A', 'PERSONAS_JURIDICAS_ESPANIOLAS', 'user-022'),
  ('user-073', 'razonsocial-073', '00000073', 'A', 'PERSONAS_JURIDICAS_ESPANIOLAS', 'user-023'),
  ('user-074', 'razonsocial-074', '00000074', 'A', 'PERSONAS_JURIDICAS_ESPANIOLAS', 'user-024'),
  ('user-075', 'razonsocial-075', '00000075', 'A', 'PERSONAS_JURIDICAS_ESPANIOLAS', 'user-025'),
  ('user-076', 'razonsocial-076', '00000076', 'A', 'PERSONAS_JURIDICAS_ESPANIOLAS', 'user-026'),
  ('user-077', 'razonsocial-077', '00000077', 'A', 'PERSONAS_JURIDICAS_ESPANIOLAS', 'user-027'),
  ('user-078', 'razonsocial-078', '00000078', 'A', 'PERSONAS_JURIDICAS_ESPANIOLAS', 'user-028'),
  ('user-079', 'razonsocial-079', '00000079', 'A', 'PERSONAS_JURIDICAS_ESPANIOLAS', 'user-029'),
  ('user-080', 'razonsocial-080', '00000080', 'A', 'PERSONAS_JURIDICAS_ESPANIOLAS', 'user-030'),
  ('user-081', 'razonsocial-081', '00000081', 'A', 'PERSONAS_JURIDICAS_ESPANIOLAS', 'user-031'),
  ('user-082', 'razonsocial-082', '00000082', 'A', 'PERSONAS_JURIDICAS_ESPANIOLAS', 'user-032'),
  ('user-083', 'razonsocial-083', '00000083', 'A', 'PERSONAS_JURIDICAS_ESPANIOLAS', 'user-033'),
  ('user-084', 'razonsocial-084', '00000084', 'A', 'PERSONAS_JURIDICAS_ESPANIOLAS', 'user-034'),
  ('user-085', 'razonsocial-085', '00000085', 'A', 'PERSONAS_JURIDICAS_ESPANIOLAS', 'user-035'),
  ('user-086', 'razonsocial-086', '00000086', 'A', 'PERSONAS_JURIDICAS_ESPANIOLAS', 'user-036'),
  ('user-087', 'razonsocial-087', '00000087', 'A', 'PERSONAS_JURIDICAS_ESPANIOLAS', 'user-037'),
  ('user-088', 'razonsocial-088', '00000088', 'A', 'PERSONAS_JURIDICAS_ESPANIOLAS', 'user-038'),
  ('user-089', 'razonsocial-089', '00000089', 'A', 'PERSONAS_JURIDICAS_ESPANIOLAS', 'user-039'),
  ('user-090', 'razonsocial-090', '00000090', 'A', 'PERSONAS_JURIDICAS_ESPANIOLAS', 'user-040'),
  ('user-091', 'razonsocial-091', '00000091', 'A', 'PERSONAS_JURIDICAS_ESPANIOLAS', 'user-041'),
  ('user-092', 'razonsocial-092', '00000092', 'A', 'PERSONAS_JURIDICAS_ESPANIOLAS', 'user-042'),
  ('user-093', 'razonsocial-093', '00000093', 'A', 'PERSONAS_JURIDICAS_ESPANIOLAS', 'user-043'),
  ('user-094', 'razonsocial-094', '00000094', 'A', 'PERSONAS_JURIDICAS_ESPANIOLAS', 'user-044'),
  ('user-095', 'razonsocial-095', '00000095', 'A', 'PERSONAS_JURIDICAS_ESPANIOLAS', 'user-045'),
  ('user-096', 'razonsocial-096', '00000096', 'A', 'PERSONAS_JURIDICAS_ESPANIOLAS', 'user-046'),
  ('user-097', 'razonsocial-097', '00000097', 'A', 'PERSONAS_JURIDICAS_ESPANIOLAS', 'user-047'),
  ('user-098', 'razonsocial-098', '00000098', 'A', 'PERSONAS_JURIDICAS_ESPANIOLAS', 'user-048'),
  ('user-099', 'razonsocial-099', '00000099', 'A', 'PERSONAS_JURIDICAS_ESPANIOLAS', 'user-049'),
  ('user-100', 'razonsocial-100', '00000100', 'A', 'PERSONAS_JURIDICAS_ESPANIOLAS', 'user-050');

-- EMPRESA ECONOMICA
INSERT INTO empresa_economica (id, tipo_documento, numero_documento, empresa_economica_padre_id, razon_social,  direccion, tipo_empresa) VALUES
  ('ent-001', 'CIF', 'S2800171G', null, 'MINISTERIO DE CULTURA', 'PZA. DEL REY - 28004 MADRID', 'ÓRGANOS DE LA ADMINISTRACIÓN DEL ESTADO Y CC.AA.'),
  ('ent-002', 'CIF', 'S2800171G_01', 'ent-001', 'SUBDIRECCIÓN GENERAL DE MUSEOS ESTATALES', 'PZA. DEL REY - 28004 MADRID', 'ÓRGANOS DE LA ADMINISTRACIÓN DEL ESTADO Y CC.AA.'),
  ('ent-003', 'CIF', 'S2800171G_02', 'ent-001', 'DIRECCIÓN GENERAL DE BELLAS ARTES Y BIENES CULTURALES', 'PZA. DEL REY - 28004 MADRID', 'ÓRGANOS DE LA ADMINISTRACIÓN DEL ESTADO Y CC.AA.'),
  ('ent-004', 'CIF', 'G30528285', null, 'FUNDACIÓN SÉNECA', 'C/. MANRESA, ENTLO. - 30004 MURCIA', 'PERSONAS JURÍDICAS: ESPAÑOLAS'),
  ('ent-005', 'CIF', 'G0021150H', null, 'EUROPEAN COMISSION', 'RUE DE LA LOI - B-1049 BRUSSELS', '2 - PERSONAS JURÍDICAS: EXTRANJERAS'),
  ('ent-006', 'CIF', 'G0021150H_01', 'ent-005', 'EUROPEAN COMISSION', 'PASEO DE LA CASTELLANA - 28046 MADRID', '2 - PERSONAS JURÍDICAS: EXTRANJERAS'),
  ('ent-007', 'CIF', 'S3011001I', null, 'COMUNIDAD AUTÓNOMA DE LA REGIÓN DE MURCIA', 'PALACIO DE SAN ESTEBAN - 30071 MURCIA', '3 - ÓRGANOS DE LA ADMINISTRACIÓN DEL ESTADO Y CC.AA.'),
  ('ent-008', 'CIF', 'S3011001I_01', 'ent-007', 'CONSEJERÍA DE EMPLEO, INVESTIGACIÓN Y UNIVERSIDADES', 'C/. SAN CRISTOBAL, 6 - 30071 - MURCIA', '3 -ÓRGANOS DE LA ADMINISTRACIÓN DEL ESTADO Y CC.AA.'),
  ('ent-009', 'CIF', 'G73338857', null, 'FUNDACIÓN PARA LA FORMACIÓN Y LA INVESTIGACIÓN SANITARIAS DE LA REGIÓN DE MURCIA', 'C/. CAMPO, 12 - 30120 EL PALMAR (MURCIA)', '1 - PERSONAS JURÍDICAS: ESPAÑOLAS');

