-- ROL SOCIO
INSERT INTO test.rol_socio (id, abreviatura, coordinador, activo) VALUES(1, '001', false, true);
INSERT INTO test.rol_socio (id, abreviatura, coordinador, activo) VALUES(2, '002', false, true);
INSERT INTO test.rol_socio (id, abreviatura, coordinador, activo) VALUES(3, '003', false, true);
INSERT INTO test.rol_socio (id, abreviatura, coordinador, activo) VALUES(4, '004', false, true);
INSERT INTO test.rol_socio (id, abreviatura, coordinador, activo) VALUES(5, '005', false, true);
INSERT INTO test.rol_socio (id, abreviatura, coordinador, activo) VALUES(6, '006', false, true);
INSERT INTO test.rol_socio (id, abreviatura, coordinador, activo) VALUES(7, '007', false, false);
INSERT INTO test.rol_socio (id, abreviatura, coordinador, activo) VALUES(8, '008', false, false);
INSERT INTO test.rol_socio (id, abreviatura, coordinador, activo) VALUES(9, '009',  true, false);

-- ROL SOCIO NOMBRE
INSERT INTO test.rol_socio_nombre (rol_socio_id, lang, value_) VALUES(1, 'es', 'nombre-001');
INSERT INTO test.rol_socio_nombre (rol_socio_id, lang, value_) VALUES(2, 'es', 'nombre-002');
INSERT INTO test.rol_socio_nombre (rol_socio_id, lang, value_) VALUES(3, 'es', 'nombre-003');
INSERT INTO test.rol_socio_nombre (rol_socio_id, lang, value_) VALUES(4, 'es', 'nombre-004');
INSERT INTO test.rol_socio_nombre (rol_socio_id, lang, value_) VALUES(5, 'es', 'nombre-005');
INSERT INTO test.rol_socio_nombre (rol_socio_id, lang, value_) VALUES(6, 'es', 'nombre-006');
INSERT INTO test.rol_socio_nombre (rol_socio_id, lang, value_) VALUES(7, 'es', 'nombre-007');
INSERT INTO test.rol_socio_nombre (rol_socio_id, lang, value_) VALUES(8, 'es', 'nombre-008');


-- ROL SOCIO DESCRIPCION
INSERT INTO test.rol_socio_descripcion (rol_socio_id, lang, value_) VALUES(1, 'es', 'descripcion-001');
INSERT INTO test.rol_socio_descripcion (rol_socio_id, lang, value_) VALUES(2, 'es', 'descripcion-002');
INSERT INTO test.rol_socio_descripcion (rol_socio_id, lang, value_) VALUES(3, 'es', 'descripcion-003');
INSERT INTO test.rol_socio_descripcion (rol_socio_id, lang, value_) VALUES(4, 'es', 'descripcion-4');
INSERT INTO test.rol_socio_descripcion (rol_socio_id, lang, value_) VALUES(5, 'es', 'descripcion-5');
INSERT INTO test.rol_socio_descripcion (rol_socio_id, lang, value_) VALUES(6, 'es', 'descripcion-6');
INSERT INTO test.rol_socio_descripcion (rol_socio_id, lang, value_) VALUES(7, 'es', 'descripcion-007');
INSERT INTO test.rol_socio_descripcion (rol_socio_id, lang, value_) VALUES(8, 'es', 'descripcion-008');

